Workbook

Sheet Dashboard
A1: Synthetic Hindi Annotation Fixture v2
A5: Unique generations | B5: 192 | C5: Conditions | D5: 8
A6: Raw rating rows | B6: 576 | C6: Raters/item | D6: 3
A7: Rubric scale | B7: 0–3 | C7: Rubric axes | D7: 6
A8: Minimum axis α | B8: 0.69357 | C8: Proxy-human ρ | D8: 0.683595
A9: Max |target−actual proxy| | B9: 0.002464 | C9: Data status | D9: SYNTHETIC
A11: Condition | B11: Paper table target | C11: Synthetic text-derived mean
A12: T6_01 | B12: -0.1 | C12: -0.098552
A13: T6_02 | B13: -0.141 | C13: -0.141003
A14: T6_03 | B14: -0.132 | C14: -0.129884
A15: T6_04 | B15: -0.075 | C15: -0.077464
A16: T6_05 | B16: -0.019 | C16: -0.020076
A17: T6_06 | B17: -0.006 | C17: -0.00583
A18: T6_07 | B18: -0.102 | C18: -0.102023
A19: T6_08 | B19: 0.069 | C19: 0.067593

Sheet Rubric
A1: Axis | B1: What it measures | C1: Scale
A2: Addressee honorificity | B2: Pronoun appropriateness (aap/tum/tu) | C2: 0–3
A3: Verb agreement | B3: Plural verb with aap; singular with tu | C3: 0–3
A4: Register consistency | B4: Honorific level constant throughout | C4: 0–3
A5: Context appropriateness | B5: Pragmatic level for implied social context | C5: 0–3
A6: Fluency | B6: Independent fluency (control) | C6: 0–3
A7: Content preservation | B7: Prompt faithfulness (control) | C7: 0–3

Sheet Conditions
A1: Condition code | B1: Condition name | C1: Method group | D1: Paper proxy target
A2: T6_01 | B2: Baseline (tu-form prompts) | C2: baseline | D2: -0.1
A3: T6_02 | B3: Zero-shot instruction | C3: prompting | D3: -0.141
A4: T6_03 | B4: Random-feature steering (null) | C4: null | D4: -0.132
A5: T6_04 | B5: Single SAE feature | C5: additive steering | D5: -0.075
A6: T6_05 | B6: Top-5 SAE features | C6: additive steering | D6: -0.019
A7: T6_06 | B7: Top-20 SAE features | C7: additive steering | D7: -0.006
A8: T6_07 | B8: Supervised difference-in-means | C8: additive steering | D8: -0.102
A9: T6_08 | B9: 4-shot prompting | C9: prompting | D9: 0.069

Sheet Marker_Lexicon
A1: Marker type | B1: Token / rule | C1: Interpretation | E1: Proxy definition
A2: aap marker | B2: aaiye | C2: +1 to n_aap | E2: Formula | F2: hon(x) = (n_aap - n_tu) / n_tok
A3: aap marker | B3: aap | C3: +1 to n_aap | E3: Nominal range | F3: approximately [-1, 1]
A4: aap marker | B4: aapka | C4: +1 to n_aap | E4: Tokenizer | F4: [A-Za-z]+(?:-[A-Za-z]+)?
A5: aap marker | B5: aapke | C5: +1 to n_aap
A6: aap marker | B6: aapki | C6: +1 to n_aap
A7: aap marker | B7: aapko | C7: +1 to n_aap
A8: aap marker | B8: batayiye | C8: +1 to n_aap
A9: aap marker | B9: bhejiye | C9: +1 to n_aap
A10: aap marker | B10: chaliye | C10: +1 to n_aap
A11: aap marker | B11: dekhiye | C11: +1 to n_aap
A12: aap marker | B12: dijiye | C12: +1 to n_aap
A13: aap marker | B13: dikhaiye | C13: +1 to n_aap
A14: aap marker | B14: jaiye | C14: +1 to n_aap
A15: aap marker | B15: kariyega | C15: +1 to n_aap
A16: aap marker | B16: kijiye | C16: +1 to n_aap
... A54: verb + do rule | B54: likhwa do | C54: +1 to n_tu; standalone numeric 'do' is not counted

Sheet Generations
A1: generation_id | B1: prompt_id | C1: condition_code | D1: condition_name | E1: method_group | F1: domain | G1: intended_context | H1: source_prompt | I1: generated_text | J1: generation_variant | K1: token_count | L1: n_aap | M1: n_tu | N1: proxy_hon | O1: paper_table_proxy_target | P1: simulation_seed | Q1: dataset_created_at_utc
A2: G0001 | B2: P001 | C2: T6_01 | D2: Baseline (tu-form prompts) | E2: baseline | F2: social | G2: elderly stranger at a railway station | H2: Tum ek buzurg yatri ko platform tak pahunchne ka tareeqa batao. | I2: Tum platform number teen tak seedha jao aur display board par coach number dekho. Display board par coach number dekhna aur zarurat padne par inquiry counter se madad lena sabse spasht rahega. | J2: NEG3 | K2: 32 | L2: 0 | M2: 3 | N2: -0.09375 | O2: -0.1 | P2: 20260719 | Q2: 46222.653
A3: G0002 | B3: P002 | C3: T6_01 | D3: Baseline (tu-form prompts) | E3: baseline | F3: social | G3: older neighbour asking about a pharmacy | H3: Tum pados ke buzurg vyakti ko najdeeki pharmacy ka rasta batao. | I3: Tum mukhya sadak se daayein mudkar pharmacy tak jao aur neele board wali dukaan dekho. Neela board dikhne ke baad doosri dukaan hi pharmacy hai aur wahan shaam tak dawa milti rahegi. | J3: NEG3 | K3: 32 | L3: 0 | M3: 3 | N3: -0.09375 | O3: -0.1 | P3: 20260719 | Q3: 46222.653
A4: G0003 | B4: P003 | C4: T6_01 | D4: Baseline (tu-form prompts) | E4: baseline | F4: social | G4: new acquaintance requesting event information | H4: Tum naye parichit ko samudayik karyakram ki jankari do. | I4: Tum registration desk par apna naam likhwa do aur samay aur hall number note karo; phir mujhe batao. Karyakram shaam chhe baje shuru hoga aur mukhya hall ke bahar poori suchi lagi rahegi. | J4: NEG4 | K4: 33 | L4: 0 | M4: 4 | N4: -0.121212 | O4: -0.1 | P4: 20260719 | Q4: 46222.653
A5: G0004 | B5: P004 | C5: T6_01 | D5: Baseline (tu-form prompts) | E5: baseline | F5: social | G5: customer speaking to a shop representative | H5: Tum grahak ko return prakriya samjhao. | I5: Tum receipt ke saath customer desk par jao aur product ka dabba saath rakho. Receipt aur mool packaging hone par team product ki jaanch karke refund ya replacement ka vikalp degi. | J5: NEG3 | K5: 31 | L5: 0 | M5: 3 | N5: -0.096774 | O5: -0.1 | P5: 20260719 | Q5: 46222.653
A6: G0005 | B6: P005 | C6: T6_01 | D6: Baseline (tu-form prompts) | E6: baseline | F6: professional | G6: employee addressing a senior manager | H6: Tum senior manager ko report bhejne ka jawab do. | I6: Tum report ka latest version email se bhej do aur file ka naam saaf rakho. Meeting se pehle summary aur mukhya aankde milne par review aasaan hoga aur sawalon ki taiyari ho sakegi. | J6: NEG3 | K6: 33 | L6: 0 | M6: 3 | N6: -0.090909 | O6: -0.1 | P6: 20260719 | Q6: 46222.653
A7: G0006 | B7: P006 | C7: T6_01 | D7: Baseline (tu-form prompts) | E7: baseline | F7: professional | G7: junior colleague addressing a project lead | H7: Tum project lead ko meeting badalne ka jawab do. | I7: Tum calendar invite ko kal dopahar ke liye badal do aur sabhi sadasyon ko suchit karo. Naya samay calendar me spasht dikhne par sabhi sadasya apni uplabdhata bina uljhan ke bata sakenge. | J7: NEG3 | K7: 32 | L7: 0 | M7: 3 | N7: -0.09375 | O7: -0.1 | P7: 20260719 | Q7: 46222.653
A8: G0007 | B8: P007 | C8: T6_01 | D8: Baseline (tu-form prompts) | E8: baseline | F8: professional | G8: candidate responding to an interviewer | H8: Tum interviewer ko portfolio share karne ka jawab do. | I8: Tum portfolio link aur code sample email kar do aur do mukhya project chuno. Do sabse prasangik project ke saath chhota vivaran dene se technical yogdan aur zimmedari turant samajh aayegi. | J8: NEG3 | K8: 31 | L8: 0 | M8: 2 | N8: -0.064516 | O8: -0.1 | P8: 20260719 | Q8: 46222.653
A9: G0008 | B9: P008 | C9: T6_01 | D9: Baseline (tu-form prompts) | E9: baseline | F9: professional | G9: consultant replying to a client | H9: Tum client ko document review ka agla kadam batao. | I9: Tum signed document portal par upload karo aur confirmation number note karo; phir mujhe batao. Upload poora hone par confirmation number surakshit rakhna zaruri hai kyunki wahi agle review ka reference hoga. | J9: NEG4 | K9: 32 | L9: 0 | M9: 4 | N9: -0.125 | O9: -0.1 | P9: 20260719 | Q9: 46222.653
A10: G0009 | B10: P009 | C10: T6_01 | D10: Baseline (tu-form prompts) | E10: baseline | F10: family | G10: young adult addressing an elderly uncle | H10: Tum bade chacha ko dawa lene ki yaad dilao. | I10: Tum raat ke bhojan ke baad dawa le lo aur paani paas rakho. Doctor ne ise roz ek hi samay par lene ko kaha hai aur dose chhootne par diary me nishan lagana upyogi rahega. | J10: NEG3 | K10: 35 | L10: 0 | M10: 3 | N10: -0.085714 | O10: -0.1 | P10: 20260719 | Q10: 46222.653
A11: G0010 | B11: P010 | C11: T6_01 | D11: Baseline (tu-form prompts) | E11: baseline | F11: family | G11: younger relative addressing a grandmother | H11: Tum dadi ko video call jodne ka tareeqa batao. | I11: Tum hare camera button ko daba do aur phone seedha rakho. Call judne ke baad awaaz kam lage to side wale button se volume badhana aasaan rahega. | J11: NEG3 | K11: 27 | L11: 0 | M11: 3 | N11: -0.111111 | O11: -0.1 | P11: 20260719 | Q11: 46222.653
A12: G0011 | B12: P011 | C12: T6_01 | D12: Baseline (tu-form prompts) | E12: baseline | F12: family | G12: adult child addressing a parent | H12: Tum apne pitaji ko bank message samjhao. | I12: Tum sandesh me diya reference number sambhal kar rakho aur kisi link par click mat karo. Bank adhikari se seedhe sampark karke len-den ki pushti karna kisi anjaan link ko kholne se surakshit rahega. | J12: NEG3 | K12: 34 | L12: 0 | M12: 3 | N12: -0.088235 | O12: -0.1 | P12: 20260719 | Q12: 46222.653
A13: G0012 | B13: P012 | C13: T6_01 | D13: Baseline (tu-form prompts) | E13: baseline | F13: family | G13: young adult addressing an older cousin formally | H13: Tum bade cousin ko yatra ki booking batane ka jawab do. | I13: Tum ticket ki PDF phone me save kar lo aur station samay par pahucho. Train ke samay se kam se kam tees minute pehle pahunchna aur coach number pehle dekhna suvidhajanak rahega. | J13: NEG3 | K13: 32 | L13: 0 | M13: 3 | N13: -0.09375 | O13: -0.1 | P13: 20260719 | Q13: 46222.653
... A193: G0192 | B193: P024 | C193: T6_08 | D193: 4-shot prompting | E193: prompting | F193: customer_service | G193: insurance agent addressing a policyholder | H193: Tum policyholder ko claim ke documents batao. | I193: Aap kripya claim form ke saath bill aur report upload kijiye. Saaf scan aur sahi policy number hone par verification team bina dobara document maange review shuru kar sakegi. | J193: POS2 | K193: 29 | L193: 2 | M193: 0 | N193: 0.068966 | O193: 0.069 | P193: 20260719 | Q193: 46222.653

Sheet Ratings_Long
A1: generation_id | B1: prompt_id | C1: condition_code | D1: condition_name | E1: domain | F1: intended_context | G1: source_prompt | H1: generated_text | I1: token_count | J1: n_aap | K1: n_tu | L1: proxy_hon | M1: rater_id | N1: addressee_honorificity | O1: verb_agreement | P1: register_consistency | Q1: context_appropriateness | R1: fluency | S1: content_preservation | T1: simulated_rater_note | U1: annotation_timestamp | V1: simulation_seed | W1: dataset_created_at_utc
A2: G0001 | B2: P001 | C2: T6_01 | D2: Baseline (tu-form prompts) | E2: social | F2: elderly stranger at a railway station | G2: Tum ek buzurg yatri ko platform tak pahunchne ka tareeqa batao. | H2: Tum platform number teen tak seedha jao aur display board par coach number dekho. Display board par coach number dekhna aur zarurat padne par inquiry counter se madad lena sabse spasht rahega. | I2: 32 | J2: 0 | K2: 3 | L2: -0.09375 | M2: SIM_R1 | N2: 0 | O2: 3 | P2: 3 | Q2: 0 | R2: 3 | S2: 3 | T2: Synthetic note: informal address is used in a context that prefers respectful address; grammar is mostly internally consistent. | U2: SYNTHETIC_NOT_APPLICABLE | V2: 20260719 | W2: 46222.653
A3: G0001 | B3: P001 | C3: T6_01 | D3: Baseline (tu-form prompts) | E3: social | F3: elderly stranger at a railway station | G3: Tum ek buzurg yatri ko platform tak pahunchne ka tareeqa batao. | H3: Tum platform number teen tak seedha jao aur display board par coach number dekho. Display board par coach number dekhna aur zarurat padne par inquiry counter se madad lena sabse spasht rahega. | I3: 32 | J3: 0 | K3: 3 | L3: -0.09375 | M3: SIM_R2 | N3: 0 | O3: 2 | P3: 2 | Q3: 0 | R3: 3 | S3: 2 | T3: Synthetic note: informal address is used in a context that prefers respectful address; grammar is mostly internally consistent. | U3: SYNTHETIC_NOT_APPLICABLE | V3: 20260719 | W3: 46222.653
A4: G0001 | B4: P001 | C4: T6_01 | D4: Baseline (tu-form prompts) | E4: social | F4: elderly stranger at a railway station | G4: Tum ek buzurg yatri ko platform tak pahunchne ka tareeqa batao. | H4: Tum platform number teen tak seedha jao aur display board par coach number dekho. Display board par coach number dekhna aur zarurat padne par inquiry counter se madad lena sabse spasht rahega. | I4: 32 | J4: 0 | K4: 3 | L4: -0.09375 | M4: SIM_R3 | N4: 0 | O4: 3 | P4: 3 | Q4: 0 | R4: 3 | S4: 2 | T4: Synthetic note: informal address is used in a context that prefers respectful address; grammar is mostly internally consistent. | U4: SYNTHETIC_NOT_APPLICABLE | V4: 20260719 | W4: 46222.653
A5: G0002 | B5: P002 | C5: T6_01 | D5: Baseline (tu-form prompts) | E5: social | F5: older neighbour asking about a pharmacy | G5: Tum pados ke buzurg vyakti ko najdeeki pharmacy ka rasta batao. | H5: Tum mukhya sadak se daayein mudkar pharmacy tak jao aur neele board wali dukaan dekho. Neela board dikhne ke baad doosri dukaan hi pharmacy hai aur wahan shaam tak dawa milti rahegi. | I5: 32 | J5: 0 | K5: 3 | L5: -0.09375 | M5: SIM_R1 | N5: 0 | O5: 3 | P5: 3 | Q5: 1 | R5: 2 | S5: 3 | T5: Synthetic note: informal address is used in a context that prefers respectful address; grammar is mostly internally consistent. | U5: SYNTHETIC_NOT_APPLICABLE | V5: 20260719 | W5: 46222.653
A6: G0002 | B6: P002 | C6: T6_01 | D6: Baseline (tu-form prompts) | E6: social | F6: older neighbour asking about a pharmacy | G6: Tum pados ke buzurg vyakti ko najdeeki pharmacy ka rasta batao. | H6: Tum mukhya sadak se daayein mudkar pharmacy tak jao aur neele board wali dukaan dekho. Neela board dikhne ke baad doosri dukaan hi pharmacy hai aur wahan shaam tak dawa milti rahegi. | I6: 32 | J6: 0 | K6: 3 | L6: -0.09375 | M6: SIM_R2 | N6: 1 | O6: 3 | P6: 3 | Q6: 0 | R6: 2 | S6: 3 | T6: Synthetic note: informal address is used in a context that prefers respectful address; grammar is mostly internally consistent. | U6: SYNTHETIC_NOT_APPLICABLE | V6: 20260719 | W6: 46222.653
A7: G0002 | B7: P002 | C7: T6_01 | D7: Baseline (tu-form prompts) | E7: social | F7: older neighbour asking about a pharmacy | G7: Tum pados ke buzurg vyakti ko najdeeki pharmacy ka rasta batao. | H7: Tum mukhya sadak se daayein mudkar pharmacy tak jao aur neele board wali dukaan dekho. Neela board dikhne ke baad doosri dukaan hi pharmacy hai aur wahan shaam tak dawa milti rahegi. | I7: 32 | J7: 0 | K7: 3 | L7: -0.09375 | M7: SIM_R3 | N7: 1 | O7: 3 | P7: 3 | Q7: 1 | R7: 3 | S7: 3 | T7: Synthetic note: informal address is used in a context that prefers respectful address; grammar is mostly internally consistent. | U7: SYNTHETIC_NOT_APPLICABLE | V7: 20260719 | W7: 46222.653
A8: G0003 | B8: P003 | C8: T6_01 | D8: Baseline (tu-form prompts) | E8: social | F8: new acquaintance requesting event information | G8: Tum naye parichit ko samudayik karyakram ki jankari do. | H8: Tum registration desk par apna naam likhwa do aur samay aur hall number note karo; phir mujhe batao. Karyakram shaam chhe baje shuru hoga aur mukhya hall ke bahar poori suchi lagi rahegi. | I8: 33 | J8: 0 | K8: 4 | L8: -0.121212 | M8: SIM_R1 | N8: 1 | O8: 3 | P8: 3 | Q8: 0 | R8: 3 | S8: 3 | T8: Synthetic note: informal address is used in a context that prefers respectful address; grammar is mostly internally consistent. | U8: SYNTHETIC_NOT_APPLICABLE | V8: 20260719 | W8: 46222.653
A9: G0003 | B9: P003 | C9: T6_01 | D9: Baseline (tu-form prompts) | E9: social | F9: new acquaintance requesting event information | G9: Tum naye parichit ko samudayik karyakram ki jankari do. | H9: Tum registration desk par apna naam likhwa do aur samay aur hall number note karo; phir mujhe batao. Karyakram shaam chhe baje shuru hoga aur mukhya hall ke bahar poori suchi lagi rahegi. | I9: 33 | J9: 0 | K9: 4 | L9: -0.121212 | M9: SIM_R2 | N9: 1 | O9: 3 | P9: 3 | Q9: 0 | R9: 3 | S9: 2 | T9: Synthetic note: informal address is used in a context that prefers respectful address; grammar is mostly internally consistent. | U9: SYNTHETIC_NOT_APPLICABLE | V9: 20260719 | W9: 46222.653
A10: G0003 | B10: P003 | C10: T6_01 | D10: Baseline (tu-form prompts) | E10: social | F10: new acquaintance requesting event information | G10: Tum naye parichit ko samudayik karyakram ki jankari do. | H10: Tum registration desk par apna naam likhwa do aur samay aur hall number note karo; phir mujhe batao. Karyakram shaam chhe baje shuru hoga aur mukhya hall ke bahar poori suchi lagi rahegi. | I10: 33 | J10: 0 | K10: 4 | L10: -0.121212 | M10: SIM_R3 | N10: 1 | O10: 3 | P10: 3 | Q10: 0 | R10: 3 | S10: 3 | T10: Synthetic note: informal address is used in a context that prefers respectful address; grammar is mostly internally consistent. | U10: SYNTHETIC_NOT_APPLICABLE | V10: 20260719 | W10: 46222.653
A11: G0004 | B11: P004 | C11: T6_01 | D11: Baseline (tu-form prompts) | E11: social | F11: customer speaking to a shop representative | G11: Tum grahak ko return prakriya samjhao. | H11: Tum receipt ke saath customer desk par jao aur product ka dabba saath rakho. Receipt aur mool packaging hone par team product ki jaanch karke refund ya replacement ka vikalp degi. | I11: 31 | J11: 0 | K11: 3 | L11: -0.096774 | M11: SIM_R1 | N11: 1 | O11: 2 | P11: 2 | Q11: 0 | R11: 2 | S11: 2 | T11: Synthetic note: informal address is used in a context that prefers respectful address; grammar is mostly internally consistent. | U11: SYNTHETIC_NOT_APPLICABLE | V11: 20260719 | W11: 46222.653
A12: G0004 | B12: P004 | C12: T6_01 | D12: Baseline (tu-form prompts) | E12: social | F12: customer speaking to a shop representative | G12: Tum grahak ko return prakriya samjhao. | H12: Tum receipt ke saath customer desk par jao aur product ka dabba saath rakho. Receipt aur mool packaging hone par team product ki jaanch karke refund ya replacement ka vikalp degi. | I12: 31 | J12: 0 | K12: 3 | L12: -0.096774 | M12: SIM_R2 | N12: 0 | O12: 2 | P12: 2 | Q12: 1 | R12: 2 | S12: 1 | T12: Synthetic note: informal address is used in a context that prefers respectful address; grammar is mostly internally consistent. | U12: SYNTHETIC_NOT_APPLICABLE | V12: 20260719 | W12: 46222.653
A13: G0004 | B13: P004 | C13: T6_01 | D13: Baseline (tu-form prompts) | E13: social | F13: customer speaking to a shop representative | G13: Tum grahak ko return prakriya samjhao. | H13: Tum receipt ke saath customer desk par jao aur product ka dabba saath rakho. Receipt aur mool packaging hone par team product ki jaanch karke refund ya replacement ka vikalp degi. | I13: 31 | J13: 0 | K13: 3 | L13: -0.096774 | M13: SIM_R3 | N13: 1 | O13: 2 | P13: 2 | Q13: 1 | R13: 2 | S13: 1 | T13: Synthetic note: informal address is used in a context that prefers respectful address; grammar is mostly internally consistent. | U13: SYNTHETIC_NOT_APPLICABLE | V13: 20260719 | W13: 46222.653
... A577: G0192 | B577: P024 | C577: T6_08 | D577: 4-shot prompting | E577: customer_service | F577: insurance agent addressing a policyholder | G577: Tum policyholder ko claim ke documents batao. | H577: Aap kripya claim form ke saath bill aur report upload kijiye. Saaf scan aur sahi policy number hone par verification team bina dobara document maange review shuru kar sakegi. | I577: 29 | J577: 2 | K577: 0 | L577: 0.068966 | M577: SIM_R3 | N577: 2 | O577: 3 | P577: 3 | Q577: 2 | R577: 3 | S577: 3 | T577: Synthetic note: respectful address is present and the response remains faithful to the prompt. | U577: SYNTHETIC_NOT_APPLICABLE | V577: 20260719 | W577: 46222.653

Sheet Item_Summary
A1: generation_id | B1: prompt_id | C1: condition_code | D1: condition_name | E1: domain | F1: proxy_hon | G1: human_addressee_mean | H1: human_verb_mean | I1: human_register_mean | J1: human_context_mean | K1: human_fluency_mean | L1: human_content_mean | M1: human_honorific_mean_first4 | N1: human_all_axes_mean | O1: human_addressee_normalized_-1_to_1
A2: G0001 | B2: P001 | C2: T6_01 | D2: Baseline (tu-form prompts) | E2: social | F2: -0.09375 | G2: =SUMIF(Ratings_Long!$A$2:$A$577,$A2,Ratings_Long!$N$2:$N$577)/COUNTIF(Ratings_Long!$A$2:$A$577,$A2) -> 0 | H2: =SUMIF(Ratings_Long!$A$2:$A$577,$A2,Ratings_Long!$O$2:$O$577)/COUNTIF(Ratings_Long!$A$2:$A$577,$A2) -> 2.6666667 | I2: =SUMIF(Ratings_Long!$A$2:$A$577,$A2,Ratings_Long!$P$2:$P$577)/COUNTIF(Ratings_Long!$A$2:$A$577,$A2) -> 2.6666667 | J2: =SUMIF(Ratings_Long!$A$2:$A$577,$A2,Ratings_Long!$Q$2:$Q$577)/COUNTIF(Ratings_Long!$A$2:$A$577,$A2) -> 0 | K2: =SUMIF(Ratings_Long!$A$2:$A$577,$A2,Ratings_Long!$R$2:$R$577)/COUNTIF(Ratings_Long!$A$2:$A$577,$A2) -> 3 | L2: =SUMIF(Ratings_Long!$A$2:$A$577,$A2,Ratings_Long!$S$2:$S$577)/COUNTIF(Ratings_Long!$A$2:$A$577,$A2) -> 2.3333333 | M2: =AVERAGE(G2:J2) -> 1.3333333 | N2: =AVERAGE(G2:L2) -> 1.7777778 | O2: =(G2/3)*2-1 -> -1
A3: G0002 | B3: P002 | C3: T6_01 | D3: Baseline (tu-form prompts) | E3: social | F3: -0.09375 | G3: =SUMIF(Ratings_Long!$A$2:$A$577,$A3,Ratings_Long!$N$2:$N$577)/COUNTIF(Ratings_Long!$A$2:$A$577,$A3) -> 0.66666667 | H3: =SUMIF(Ratings_Long!$A$2:$A$577,$A3,Ratings_Long!$O$2:$O$577)/COUNTIF(Ratings_Long!$A$2:$A$577,$A3) -> 3 | I3: =SUMIF(Ratings_Long!$A$2:$A$577,$A3,Ratings_Long!$P$2:$P$577)/COUNTIF(Ratings_Long!$A$2:$A$577,$A3) -> 3 | J3: =SUMIF(Ratings_Long!$A$2:$A$577,$A3,Ratings_Long!$Q$2:$Q$577)/COUNTIF(Ratings_Long!$A$2:$A$577,$A3) -> 0.66666667 | K3: =SUMIF(Ratings_Long!$A$2:$A$577,$A3,Ratings_Long!$R$2:$R$577)/COUNTIF(Ratings_Long!$A$2:$A$577,$A3) -> 2.3333333 | L3: =SUMIF(Ratings_Long!$A$2:$A$577,$A3,Ratings_Long!$S$2:$S$577)/COUNTIF(Ratings_Long!$A$2:$A$577,$A3) -> 3 | M3: =AVERAGE(G3:J3) -> 1.8333333 | N3: =AVERAGE(G3:L3) -> 2.1111111 | O3: =(G3/3)*2-1 -> -0.55555556
A4: G0003 | B4: P003 | C4: T6_01 | D4: Baseline (tu-form prompts) | E4: social | F4: -0.121212 | G4: =SUMIF(Ratings_Long!$A$2:$A$577,$A4,Ratings_Long!$N$2:$N$577)/COUNTIF(Ratings_Long!$A$2:$A$577,$A4) -> 1 | H4: =SUMIF(Ratings_Long!$A$2:$A$577,$A4,Ratings_Long!$O$2:$O$577)/COUNTIF(Ratings_Long!$A$2:$A$577,$A4) -> 3 | I4: =SUMIF(Ratings_Long!$A$2:$A$577,$A4,Ratings_Long!$P$2:$P$577)/COUNTIF(Ratings_Long!$A$2:$A$577,$A4) -> 3 | J4: =SUMIF(Ratings_Long!$A$2:$A$577,$A4,Ratings_Long!$Q$2:$Q$577)/COUNTIF(Ratings_Long!$A$2:$A$577,$A4) -> 0 | K4: =SUMIF(Ratings_Long!$A$2:$A$577,$A4,Ratings_Long!$R$2:$R$577)/COUNTIF(Ratings_Long!$A$2:$A$577,$A4) -> 3 | L4: =SUMIF(Ratings_Long!$A$2:$A$577,$A4,Ratings_Long!$S$2:$S$577)/COUNTIF(Ratings_Long!$A$2:$A$577,$A4) -> 2.6666667 | M4: =AVERAGE(G4:J4) -> 1.75 | N4: =AVERAGE(G4:L4) -> 2.1111111 | O4: =(G4/3)*2-1 -> -0.33333333
A5: G0004 | B5: P004 | C5: T6_01 | D5: Baseline (tu-form prompts) | E5: social | F5: -0.096774 | G5: =SUMIF(Ratings_Long!$A$2:$A$577,$A5,Ratings_Long!$N$2:$N$577)/COUNTIF(Ratings_Long!$A$2:$A$577,$A5) -> 0.66666667 | H5: =SUMIF(Ratings_Long!$A$2:$A$577,$A5,Ratings_Long!$O$2:$O$577)/COUNTIF(Ratings_Long!$A$2:$A$577,$A5) -> 2 | I5: =SUMIF(Ratings_Long!$A$2:$A$577,$A5,Ratings_Long!$P$2:$P$577)/COUNTIF(Ratings_Long!$A$2:$A$577,$A5) -> 2 | J5: =SUMIF(Ratings_Long!$A$2:$A$577,$A5,Ratings_Long!$Q$2:$Q$577)/COUNTIF(Ratings_Long!$A$2:$A$577,$A5) -> 0.66666667 | K5: =SUMIF(Ratings_Long!$A$2:$A$577,$A5,Ratings_Long!$R$2:$R$577)/COUNTIF(Ratings_Long!$A$2:$A$577,$A5) -> 2 | L5: =SUMIF(Ratings_Long!$A$2:$A$577,$A5,Ratings_Long!$S$2:$S$577)/COUNTIF(Ratings_Long!$A$2:$A$577,$A5) -> 1.3333333 | M5: =AVERAGE(G5:J5) -> 1.3333333 | N5: =AVERAGE(G5:L5) -> 1.4444444 | O5: =(G5/3)*2-1 -> -0.55555556
A6: G0005 | B6: P005 | C6: T6_01 | D6: Baseline (tu-form prompts) | E6: professional | F6: -0.090909 | G6: =SUMIF(Ratings_Long!$A$2:$A$577,$A6,Ratings_Long!$N$2:$N$577)/COUNTIF(Ratings_Long!$A$2:$A$577,$A6) -> 0.33333333 | H6: =SUMIF(Ratings_Long!$A$2:$A$577,$A6,Ratings_Long!$O$2:$O$577)/COUNTIF(Ratings_Long!$A$2:$A$577,$A6) -> 3 | I6: =SUMIF(Ratings_Long!$A$2:$A$577,$A6,Ratings_Long!$P$2:$P$577)/COUNTIF(Ratings_Long!$A$2:$A$577,$A6) -> 2.3333333 | J6: =SUMIF(Ratings_Long!$A$2:$A$577,$A6,Ratings_Long!$Q$2:$Q$577)/COUNTIF(Ratings_Long!$A$2:$A$577,$A6) -> 0.66666667 | K6: =SUMIF(Ratings_Long!$A$2:$A$577,$A6,Ratings_Long!$R$2:$R$577)/COUNTIF(Ratings_Long!$A$2:$A$577,$A6) -> 2.6666667 | L6: =SUMIF(Ratings_Long!$A$2:$A$577,$A6,Ratings_Long!$S$2:$S$577)/COUNTIF(Ratings_Long!$A$2:$A$577,$A6) -> 2.6666667 | M6: =AVERAGE(G6:J6) -> 1.5833333 | N6: =AVERAGE(G6:L6) -> 1.9444444 | O6: =(G6/3)*2-1 -> -0.77777778
A7: G0006 | B7: P006 | C7: T6_01 | D7: Baseline (tu-form prompts) | E7: professional | F7: -0.09375 | G7: =SUMIF(Ratings_Long!$A$2:$A$577,$A7,Ratings_Long!$N$2:$N$577)/COUNTIF(Ratings_Long!$A$2:$A$577,$A7) -> 1 | H7: =SUMIF(Ratings_Long!$A$2:$A$577,$A7,Ratings_Long!$O$2:$O$577)/COUNTIF(Ratings_Long!$A$2:$A$577,$A7) -> 3 | I7: =SUMIF(Ratings_Long!$A$2:$A$577,$A7,Ratings_Long!$P$2:$P$577)/COUNTIF(Ratings_Long!$A$2:$A$577,$A7) -> 3 | J7: =SUMIF(Ratings_Long!$A$2:$A$577,$A7,Ratings_Long!$Q$2:$Q$577)/COUNTIF(Ratings_Long!$A$2:$A$577,$A7) -> 1 | K7: =SUMIF(Ratings_Long!$A$2:$A$577,$A7,Ratings_Long!$R$2:$R$577)/COUNTIF(Ratings_Long!$A$2:$A$577,$A7) -> 3 | L7: =SUMIF(Ratings_Long!$A$2:$A$577,$A7,Ratings_Long!$S$2:$S$577)/COUNTIF(Ratings_Long!$A$2:$A$577,$A7) -> 3 | M7: =AVERAGE(G7:J7) -> 2 | N7: =AVERAGE(G7:L7) -> 2.3333333 | O7: =(G7/3)*2-1 -> -0.33333333
A8: G0007 | B8: P007 | C8: T6_01 | D8: Baseline (tu-form prompts) | E8: professional | F8: -0.064516 | G8: =SUMIF(Ratings_Long!$A$2:$A$577,$A8,Ratings_Long!$N$2:$N$577)/COUNTIF(Ratings_Long!$A$2:$A$577,$A8) -> 0.66666667 | H8: =SUMIF(Ratings_Long!$A$2:$A$577,$A8,Ratings_Long!$O$2:$O$577)/COUNTIF(Ratings_Long!$A$2:$A$577,$A8) -> 3 | I8: =SUMIF(Ratings_Long!$A$2:$A$577,$A8,Ratings_Long!$P$2:$P$577)/COUNTIF(Ratings_Long!$A$2:$A$577,$A8) -> 2.6666667 | J8: =SUMIF(Ratings_Long!$A$2:$A$577,$A8,Ratings_Long!$Q$2:$Q$577)/COUNTIF(Ratings_Long!$A$2:$A$577,$A8) -> 0.66666667 | K8: =SUMIF(Ratings_Long!$A$2:$A$577,$A8,Ratings_Long!$R$2:$R$577)/COUNTIF(Ratings_Long!$A$2:$A$577,$A8) -> 3 | L8: =SUMIF(Ratings_Long!$A$2:$A$577,$A8,Ratings_Long!$S$2:$S$577)/COUNTIF(Ratings_Long!$A$2:$A$577,$A8) -> 2.6666667 | M8: =AVERAGE(G8:J8) -> 1.75 | N8: =AVERAGE(G8:L8) -> 2.1111111 | O8: =(G8/3)*2-1 -> -0.55555556
A9: G0008 | B9: P008 | C9: T6_01 | D9: Baseline (tu-form prompts) | E9: professional | F9: -0.125 | G9: =SUMIF(Ratings_Long!$A$2:$A$577,$A9,Ratings_Long!$N$2:$N$577)/COUNTIF(Ratings_Long!$A$2:$A$577,$A9) -> 0 | H9: =SUMIF(Ratings_Long!$A$2:$A$577,$A9,Ratings_Long!$O$2:$O$577)/COUNTIF(Ratings_Long!$A$2:$A$577,$A9) -> 3 | I9: =SUMIF(Ratings_Long!$A$2:$A$577,$A9,Ratings_Long!$P$2:$P$577)/COUNTIF(Ratings_Long!$A$2:$A$577,$A9) -> 3 | J9: =SUMIF(Ratings_Long!$A$2:$A$577,$A9,Ratings_Long!$Q$2:$Q$577)/COUNTIF(Ratings_Long!$A$2:$A$577,$A9) -> 0 | K9: =SUMIF(Ratings_Long!$A$2:$A$577,$A9,Ratings_Long!$R$2:$R$577)/COUNTIF(Ratings_Long!$A$2:$A$577,$A9) -> 3 | L9: =SUMIF(Ratings_Long!$A$2:$A$577,$A9,Ratings_Long!$S$2:$S$577)/COUNTIF(Ratings_Long!$A$2:$A$577,$A9) -> 3 | M9: =AVERAGE(G9:J9) -> 1.5 | N9: =AVERAGE(G9:L9) -> 2 | O9: =(G9/3)*2-1 -> -1
A10: G0009 | B10: P009 | C10: T6_01 | D10: Baseline (tu-form prompts) | E10: family | F10: -0.085714 | G10: =SUMIF(Ratings_Long!$A$2:$A$577,$A10,Ratings_Long!$N$2:$N$577)/COUNTIF(Ratings_Long!$A$2:$A$577,$A10) -> 0 | H10: =SUMIF(Ratings_Long!$A$2:$A$577,$A10,Ratings_Long!$O$2:$O$577)/COUNTIF(Ratings_Long!$A$2:$A$577,$A10) -> 3 | I10: =SUMIF(Ratings_Long!$A$2:$A$577,$A10,Ratings_Long!$P$2:$P$577)/COUNTIF(Ratings_Long!$A$2:$A$577,$A10) -> 3 | J10: =SUMIF(Ratings_Long!$A$2:$A$577,$A10,Ratings_Long!$Q$2:$Q$577)/COUNTIF(Ratings_Long!$A$2:$A$577,$A10) -> 0 | K10: =SUMIF(Ratings_Long!$A$2:$A$577,$A10,Ratings_Long!$R$2:$R$577)/COUNTIF(Ratings_Long!$A$2:$A$577,$A10) -> 2 | L10: =SUMIF(Ratings_Long!$A$2:$A$577,$A10,Ratings_Long!$S$2:$S$577)/COUNTIF(Ratings_Long!$A$2:$A$577,$A10) -> 3 | M10: =AVERAGE(G10:J10) -> 1.5 | N10: =AVERAGE(G10:L10) -> 1.8333333 | O10: =(G10/3)*2-1 -> -1
A11: G0010 | B11: P010 | C11: T6_01 | D11: Baseline (tu-form prompts) | E11: family | F11: -0.111111 | G11: =SUMIF(Ratings_Long!$A$2:$A$577,$A11,Ratings_Long!$N$2:$N$577)/COUNTIF(Ratings_Long!$A$2:$A$577,$A11) -> 1 | H11: =SUMIF(Ratings_Long!$A$2:$A$577,$A11,Ratings_Long!$O$2:$O$577)/COUNTIF(Ratings_Long!$A$2:$A$577,$A11) -> 3 | I11: =SUMIF(Ratings_Long!$A$2:$A$577,$A11,Ratings_Long!$P$2:$P$577)/COUNTIF(Ratings_Long!$A$2:$A$577,$A11) -> 2.6666667 | J11: =SUMIF(Ratings_Long!$A$2:$A$577,$A11,Ratings_Long!$Q$2:$Q$577)/COUNTIF(Ratings_Long!$A$2:$A$577,$A11) -> 1 | K11: =SUMIF(Ratings_Long!$A$2:$A$577,$A11,Ratings_Long!$R$2:$R$577)/COUNTIF(Ratings_Long!$A$2:$A$577,$A11) -> 2 | L11: =SUMIF(Ratings_Long!$A$2:$A$577,$A11,Ratings_Long!$S$2:$S$577)/COUNTIF(Ratings_Long!$A$2:$A$577,$A11) -> 3 | M11: =AVERAGE(G11:J11) -> 1.9166667 | N11: =AVERAGE(G11:L11) -> 2.1111111 | O11: =(G11/3)*2-1 -> -0.33333333
A12: G0011 | B12: P011 | C12: T6_01 | D12: Baseline (tu-form prompts) | E12: family | F12: -0.088235 | G12: =SUMIF(Ratings_Long!$A$2:$A$577,$A12,Ratings_Long!$N$2:$N$577)/COUNTIF(Ratings_Long!$A$2:$A$577,$A12) -> 0.33333333 | H12: =SUMIF(Ratings_Long!$A$2:$A$577,$A12,Ratings_Long!$O$2:$O$577)/COUNTIF(Ratings_Long!$A$2:$A$577,$A12) -> 2.3333333 | I12: =SUMIF(Ratings_Long!$A$2:$A$577,$A12,Ratings_Long!$P$2:$P$577)/COUNTIF(Ratings_Long!$A$2:$A$577,$A12) -> 3 | J12: =SUMIF(Ratings_Long!$A$2:$A$577,$A12,Ratings_Long!$Q$2:$Q$577)/COUNTIF(Ratings_Long!$A$2:$A$577,$A12) -> 0.33333333 | K12: =SUMIF(Ratings_Long!$A$2:$A$577,$A12,Ratings_Long!$R$2:$R$577)/COUNTIF(Ratings_Long!$A$2:$A$577,$A12) -> 2.3333333 | L12: =SUMIF(Ratings_Long!$A$2:$A$577,$A12,Ratings_Long!$S$2:$S$577)/COUNTIF(Ratings_Long!$A$2:$A$577,$A12) -> 3 | M12: =AVERAGE(G12:J12) -> 1.5 | N12: =AVERAGE(G12:L12) -> 1.8888889 | O12: =(G12/3)*2-1 -> -0.77777778
A13: G0012 | B13: P012 | C13: T6_01 | D13: Baseline (tu-form prompts) | E13: family | F13: -0.09375 | G13: =SUMIF(Ratings_Long!$A$2:$A$577,$A13,Ratings_Long!$N$2:$N$577)/COUNTIF(Ratings_Long!$A$2:$A$577,$A13) -> 0.33333333 | H13: =SUMIF(Ratings_Long!$A$2:$A$577,$A13,Ratings_Long!$O$2:$O$577)/COUNTIF(Ratings_Long!$A$2:$A$577,$A13) -> 3 | I13: =SUMIF(Ratings_Long!$A$2:$A$577,$A13,Ratings_Long!$P$2:$P$577)/COUNTIF(Ratings_Long!$A$2:$A$577,$A13) -> 2.6666667 | J13: =SUMIF(Ratings_Long!$A$2:$A$577,$A13,Ratings_Long!$Q$2:$Q$577)/COUNTIF(Ratings_Long!$A$2:$A$577,$A13) -> 1.6666667 | K13: =SUMIF(Ratings_Long!$A$2:$A$577,$A13,Ratings_Long!$R$2:$R$577)/COUNTIF(Ratings_Long!$A$2:$A$577,$A13) -> 3 | L13: =SUMIF(Ratings_Long!$A$2:$A$577,$A13,Ratings_Long!$S$2:$S$577)/COUNTIF(Ratings_Long!$A$2:$A$577,$A13) -> 3 | M13: =AVERAGE(G13:J13) -> 1.9166667 | N13: =AVERAGE(G13:L13) -> 2.2777778 | O13: =(G13/3)*2-1 -> -0.77777778
... A193: G0192 | B193: P024 | C193: T6_08 | D193: 4-shot prompting | E193: customer_service | F193: 0.068966 | G193: =SUMIF(Ratings_Long!$A$2:$A$577,$A193,Ratings_Long!$N$2:$N$577)/COUNTIF(Ratings_Long!$A$2:$A$577,$A193) -> 2 | H193: =SUMIF(Ratings_Long!$A$2:$A$577,$A193,Ratings_Long!$O$2:$O$577)/COUNTIF(Ratings_Long!$A$2:$A$577,$A193) -> 3 | I193: =SUMIF(Ratings_Long!$A$2:$A$577,$A193,Ratings_Long!$P$2:$P$577)/COUNTIF(Ratings_Long!$A$2:$A$577,$A193) -> 3 | J193: =SUMIF(Ratings_Long!$A$2:$A$577,$A193,Ratings_Long!$Q$2:$Q$577)/COUNTIF(Ratings_Long!$A$2:$A$577,$A193) -> 2.6666667 | K193: =SUMIF(Ratings_Long!$A$2:$A$577,$A193,Ratings_Long!$R$2:$R$577)/COUNTIF(Ratings_Long!$A$2:$A$577,$A193) -> 3 | L193: =SUMIF(Ratings_Long!$A$2:$A$577,$A193,Ratings_Long!$S$2:$S$577)/COUNTIF(Ratings_Long!$A$2:$A$577,$A193) -> 3 | M193: =AVERAGE(G193:J193) -> 2.6666667 | N193: =AVERAGE(G193:L193) -> 2.7777778 | O193: =(G193/3)*2-1 -> 0.33333333

Sheet Validation
A1: Metric | B1: Value | C1: Pre-registered floor | D1: Status | E1: Interpretation
A2: Krippendorff alpha (ordinal) — addressee_honorificity | B2: 0.786205 | C2: 0.67 | D2: PASS | E2: Ordinal α computed from all 192 triple-rated generations.
A3: Krippendorff alpha (ordinal) — verb_agreement | B3: 0.70219 | C3: 0.67 | D3: PASS | E3: Ordinal α computed from all 192 triple-rated generations.
A4: Krippendorff alpha (ordinal) — register_consistency | B4: 0.697191 | C4: 0.67 | D4: PASS | E4: Ordinal α computed from all 192 triple-rated generations.
A5: Krippendorff alpha (ordinal) — context_appropriateness | B5: 0.803191 | C5: 0.67 | D5: PASS | E5: Ordinal α computed from all 192 triple-rated generations.
A6: Krippendorff alpha (ordinal) — fluency | B6: 0.714799 | C6: 0.67 | D6: PASS | E6: Ordinal α computed from all 192 triple-rated generations.
A7: Krippendorff alpha (ordinal) — content_preservation | B7: 0.69357 | C7: 0.67 | D7: PASS | E7: Ordinal α computed from all 192 triple-rated generations.
A8: Spearman rho — proxy_hon vs mean human addressee_honorificity | B8: 0.683595 | C8: 0.6 | D8: PASS | E8: Primary proxy validity check; proxy_hon vs mean 0–3 addressee rating.
A9: Unique generations | B9: 192 | C9: 150 | D9: PASS | E9: Structural dataset check.
A10: Ratings per generation | B10: 3 | C10: 2 | D10: PASS | E10: Structural dataset check.

Sheet Condition_Summary
A1: condition_code | B1: condition_name | C1: method_group | D1: n_generations | E1: paper_target_proxy | F1: synthetic_proxy_mean | G1: difference | H1: mean_addressee_honorificity | I1: mean_verb_agreement | J1: mean_register_consistency | K1: mean_context_appropriateness | L1: mean_fluency | M1: mean_content_preservation
A2: T6_01 | B2: Baseline (tu-form prompts) | C2: baseline | D2: 24 | E2: -0.1 | F2: -0.098552 | G2: 0.001448 | H2: 0.472222 | I2: 2.680556 | J2: 2.611111 | K2: 0.666667 | L2: 2.555556 | M2: 2.597222
A3: T6_02 | B3: Zero-shot instruction | C3: prompting | D3: 24 | E3: -0.141 | F3: -0.141003 | G3: -3e-06 | H3: 0.194444 | I3: 2.513889 | J3: 2.680556 | K3: 0.166667 | L3: 1.902778 | M3: 2.333333
A4: T6_03 | B4: Random-feature steering (null) | C4: null | D4: 24 | E4: -0.132 | F4: -0.129884 | G4: 0.002116 | H4: 0.388889 | I4: 2.694444 | J4: 2.652778 | K4: 0.555556 | L4: 1.694444 | M4: 1.944444
A5: T6_04 | B5: Single SAE feature | C5: additive steering | D5: 24 | E5: -0.075 | F5: -0.077464 | G5: -0.002464 | H5: 0.611111 | I5: 2.625 | J5: 2.777778 | K5: 0.722222 | L5: 2.222222 | M5: 2.458333
A6: T6_05 | B6: Top-5 SAE features | C6: additive steering | D6: 24 | E6: -0.019 | F6: -0.020076 | G6: -0.001076 | H6: 1.013889 | I6: 1.986111 | J6: 2.125 | K6: 0.958333 | L6: 2.027778 | M6: 2.458333
A7: T6_06 | B7: Top-20 SAE features | C7: additive steering | D7: 24 | E7: -0.006 | F7: -0.00583 | G7: 0.00017 | H7: 1.305556 | I7: 2.013889 | J7: 2.055556 | K7: 1.444444 | L7: 1.972222 | M7: 2.319444
A8: T6_07 | B8: Supervised difference-in-means | C8: additive steering | D8: 24 | E8: -0.102 | F8: -0.102023 | G8: -2.3e-05 | H8: 0.486111 | I8: 2.680556 | J8: 2.763889 | K8: 0.611111 | L8: 2.444444 | M8: 2.513889
A9: T6_08 | B9: 4-shot prompting | C9: prompting | D9: 24 | E9: 0.069 | F9: 0.067593 | G9: -0.001407 | H9: 2.361111 | I9: 2.736111 | J9: 2.805556 | K9: 2.430556 | L9: 2.736111 | M9: 2.777778
